Workbook

Sheet Start here
A1: Thanksgiving Dinner Planner
A2: Lumen & Ledger - CC BY 4.0. No macros, no external links, no tracking. Works in Excel, LibreOffice and Google Sheets.
A4: HOW TO USE (yellow cells are inputs, everything else is calculated)
A5: 1. 'Summary': type the date and time you want to sit down to eat, and your food budget.
A6: 2. 'Guests': one row per household. Adults, kids, RSVP, dietary needs, what they are bringing.
A7: 3. 'Menu': one row per dish. Where it cooks, oven temperature, cooking minutes from YOUR recipe, and minutes it rests or waits.
A8: The sheet works backwards from the meal time: 'Start' = when the dish must go in, 'Done' = when it comes out.
A9: 'Oven clash' counts other oven dishes that need a DIFFERENT temperature at the same time. With one oven, fix every clash:
A10: move a dish to the stovetop or slow cooker, cook it ahead, or bake it while the turkey rests.
A11: 4. 'Shopping': one row per item, linked to a dish. Estimated cost first; type the actual cost from the receipt when you buy it.
A12: 5. 'Summary': head count, oven clashes, the first dish to start, projected cost, cost per person, items still to buy.
A14: TURKEY AND FOOD SAFETY
... A27: Free updates and other small tools: https://lumen-ledger.github.io/

Sheet Summary
A1: Summary
A2: Meal time (date and time) | B2: 46352.625 | C2: When you sit down to eat. Every start time in 'Menu' is counted back from here.
A3: Food budget | B3: 250
A5: GUESTS
A6: Households invited | B6: =COUNTA(Guests!A2:A61)
A7: Households coming (RSVP Yes) | B7: =COUNTIF(Guests!D2:D61,"Yes")
A8: Households not answered yet | B8: =SUMPRODUCT((Guests!A2:A61<>"")*((Guests!D2:D61="Invited")+(Guests!D2:D61="Maybe"))) | C8: Invited or Maybe.
A9: Adults coming | B9: =SUMIF(Guests!D2:D61,"Yes",Guests!B2:B61) | C9: Count yourself and your household in 'Guests' too.
A10: Kids coming | B10: =SUMIF(Guests!D2:D61,"Yes",Guests!C2:C61)
A11: People at the table | B11: =B9+B10
A12: Coming with dietary needs | B12: =SUMPRODUCT((Guests!D2:D61="Yes")*(Guests!E2:E61<>"")) | C12: Households with something written in 'Dietary needs'.
A13: COOKING
A14: Dishes on the menu | B14: =COUNTA(Menu!A2:A41)
A15: Oven dishes | B15: =SUMPRODUCT((Menu!A2:A41<>"")*(Menu!C2:C41="Oven"))
A16: Dishes with an oven clash | B16: =COUNTIF(Menu!I2:I41,">0") | C16: Should be 0 with a single oven.
A17: First dish to start | B17: =IF(COUNT(Menu!G2:G41)=0,"",MIN(Menu!G2:G41)) | C17: Earliest 'Start' in 'Menu' (make-ahead dishes without minutes are not counted).
A18: Dishes guests are bringing | B18: =SUMPRODUCT((Menu!A2:A41<>"")*(Menu!B2:B41<>"Me")*(Menu!B2:B41<>"")) | C18: Rows where 'Made by' is not 'Me'.
A19: MONEY
A20: Estimated shopping | B20: =SUM(Shopping!F2:F151)
A21: Actual so far | B21: =SUM(Shopping!G2:G151)
A22: Projected cost | B22: =SUM(Shopping!J2:J151) | C22: Actual where known, estimate otherwise.
A23: Budget left (projected) | B23: =B3-B22
A24: Projected cost per person | B24: =IF(B11>0,B22/B11,"")
A25: Items still to buy | B25: =SUMPRODUCT((Shopping!A2:A151<>"")*(Shopping!H2:H151<>"Yes"))

Sheet Guests
A1: Household / name | B1: Adults | C1: Kids | D1: RSVP | E1: Dietary needs / allergies | F1: Bringing | G1: Notes
A2: Example: Us | B2: 2 | C2: 1 | D2: Yes | F2: Turkey, sides | G2: Hosts
A3: Example: Grandparents | B3: 2 | C3: 0 | D3: Yes | E3: Low salt | F3: Pumpkin pie
A4: Example: Sam & Alex | B4: 2 | C4: 2 | D4: Yes | E4: One vegetarian | F4: Green bean casserole | G4: Arrive 2 PM
A5: Example: Neighbors | B5: 2 | C5: 0 | D5: Maybe | E5: Nut allergy | G5: Ask by Nov 20

Sheet Menu
A1: Dish | B1: Made by | C1: Where | D1: Oven temp | E1: Cook minutes | F1: Rest / hold minutes | G1: Start | H1: Done | I1: Oven clash | J1: Notes
A2: Example: Turkey 16 lb (use your table) | B2: Me | C2: Oven | D2: 325 | E2: 255 | F2: 20 | G2: =IF(OR(A2="",E2=""),"",Summary!$B$2-(E2+F2)/1440) | H2: =IF(OR(A2="",E2=""),"",Summary!$B$2-F2/1440) | I2: =IF(OR(C2<>"Oven",G2=""),"",SUMPRODUCT((Menu!$C$2:$C$41="Oven")*(Menu!$E$2:$E$41<>"")*(Menu!$A$2:$A$41<>"")*(Menu!$D$2:$D$41<>D2)*(Menu!$G$2:$G$41<H2)*(Menu!$H$2:$H$41>G2))) | J2: Check 165 F with a thermometer
A3: Example: Stuffing, baked in a dish | B3: Me | C3: Oven | D3: 350 | E3: 45 | F3: 0 | G3: =IF(OR(A3="",E3=""),"",Summary!$B$2-(E3+F3)/1440) | H3: =IF(OR(A3="",E3=""),"",Summary!$B$2-F3/1440) | I3: =IF(OR(C3<>"Oven",G3=""),"",SUMPRODUCT((Menu!$C$2:$C$41="Oven")*(Menu!$E$2:$E$41<>"")*(Menu!$A$2:$A$41<>"")*(Menu!$D$2:$D$41<>D3)*(Menu!$G$2:$G$41<H3)*(Menu!$H$2:$H$41>G3))) | J3: Clash: bake it while the turkey rests?
A4: Example: Green bean casserole | B4: Sam & Alex | C4: Oven | D4: 350 | E4: 30 | F4: 0 | G4: =IF(OR(A4="",E4=""),"",Summary!$B$2-(E4+F4)/1440) | H4: =IF(OR(A4="",E4=""),"",Summary!$B$2-F4/1440) | I4: =IF(OR(C4<>"Oven",G4=""),"",SUMPRODUCT((Menu!$C$2:$C$41="Oven")*(Menu!$E$2:$E$41<>"")*(Menu!$A$2:$A$41<>"")*(Menu!$D$2:$D$41<>D4)*(Menu!$G$2:$G$41<H4)*(Menu!$H$2:$H$41>G4))) | J4: Reheat only
A5: Example: Mashed potatoes | B5: Me | C5: Stovetop | E5: 40 | F5: 0 | G5: =IF(OR(A5="",E5=""),"",Summary!$B$2-(E5+F5)/1440) | H5: =IF(OR(A5="",E5=""),"",Summary!$B$2-F5/1440) | I5: =IF(OR(C5<>"Oven",G5=""),"",SUMPRODUCT((Menu!$C$2:$C$41="Oven")*(Menu!$E$2:$E$41<>"")*(Menu!$A$2:$A$41<>"")*(Menu!$D$2:$D$41<>D5)*(Menu!$G$2:$G$41<H5)*(Menu!$H$2:$H$41>G5)))
A6: Example: Rolls | B6: Me | C6: Oven | D6: 350 | E6: 15 | F6: 5 | G6: =IF(OR(A6="",E6=""),"",Summary!$B$2-(E6+F6)/1440) | H6: =IF(OR(A6="",E6=""),"",Summary!$B$2-F6/1440) | I6: =IF(OR(C6<>"Oven",G6=""),"",SUMPRODUCT((Menu!$C$2:$C$41="Oven")*(Menu!$E$2:$E$41<>"")*(Menu!$A$2:$A$41<>"")*(Menu!$D$2:$D$41<>D6)*(Menu!$G$2:$G$41<H6)*(Menu!$H$2:$H$41>G6)))
A7: Example: Cranberry sauce | B7: Me | C7: Make-ahead | G7: =IF(OR(A7="",E7=""),"",Summary!$B$2-(E7+F7)/1440) | H7: =IF(OR(A7="",E7=""),"",Summary!$B$2-F7/1440) | I7: =IF(OR(C7<>"Oven",G7=""),"",SUMPRODUCT((Menu!$C$2:$C$41="Oven")*(Menu!$E$2:$E$41<>"")*(Menu!$A$2:$A$41<>"")*(Menu!$D$2:$D$41<>D7)*(Menu!$G$2:$G$41<H7)*(Menu!$H$2:$H$41>G7))) | J7: Day before
A8: Example: Pumpkin pie | B8: Grandparents | C8: Make-ahead | G8: =IF(OR(A8="",E8=""),"",Summary!$B$2-(E8+F8)/1440) | H8: =IF(OR(A8="",E8=""),"",Summary!$B$2-F8/1440) | I8: =IF(OR(C8<>"Oven",G8=""),"",SUMPRODUCT((Menu!$C$2:$C$41="Oven")*(Menu!$E$2:$E$41<>"")*(Menu!$A$2:$A$41<>"")*(Menu!$D$2:$D$41<>D8)*(Menu!$G$2:$G$41<H8)*(Menu!$H$2:$H$41>G8)))
G9: =IF(OR(A9="",E9=""),"",Summary!$B$2-(E9+F9)/1440) | H9: =IF(OR(A9="",E9=""),"",Summary!$B$2-F9/1440) | I9: =IF(OR(C9<>"Oven",G9=""),"",SUMPRODUCT((Menu!$C$2:$C$41="Oven")*(Menu!$E$2:$E$41<>"")*(Menu!$A$2:$A$41<>"")*(Menu!$D$2:$D$41<>D9)*(Menu!$G$2:$G$41<H9)*(Menu!$H$2:$H$41>G9)))
G10: =IF(OR(A10="",E10=""),"",Summary!$B$2-(E10+F10)/1440) | H10: =IF(OR(A10="",E10=""),"",Summary!$B$2-F10/1440) | I10: =IF(OR(C10<>"Oven",G10=""),"",SUMPRODUCT((Menu!$C$2:$C$41="Oven")*(Menu!$E$2:$E$41<>"")*(Menu!$A$2:$A$41<>"")*(Menu!$D$2:$D$41<>D10)*(Menu!$G$2:$G$41<H10)*(Menu!$H$2:$H$41>G10)))
G11: =IF(OR(A11="",E11=""),"",Summary!$B$2-(E11+F11)/1440) | H11: =IF(OR(A11="",E11=""),"",Summary!$B$2-F11/1440) | I11: =IF(OR(C11<>"Oven",G11=""),"",SUMPRODUCT((Menu!$C$2:$C$41="Oven")*(Menu!$E$2:$E$41<>"")*(Menu!$A$2:$A$41<>"")*(Menu!$D$2:$D$41<>D11)*(Menu!$G$2:$G$41<H11)*(Menu!$H$2:$H$41>G11)))
G12: =IF(OR(A12="",E12=""),"",Summary!$B$2-(E12+F12)/1440) | H12: =IF(OR(A12="",E12=""),"",Summary!$B$2-F12/1440) | I12: =IF(OR(C12<>"Oven",G12=""),"",SUMPRODUCT((Menu!$C$2:$C$41="Oven")*(Menu!$E$2:$E$41<>"")*(Menu!$A$2:$A$41<>"")*(Menu!$D$2:$D$41<>D12)*(Menu!$G$2:$G$41<H12)*(Menu!$H$2:$H$41>G12)))
G13: =IF(OR(A13="",E13=""),"",Summary!$B$2-(E13+F13)/1440) | H13: =IF(OR(A13="",E13=""),"",Summary!$B$2-F13/1440) | I13: =IF(OR(C13<>"Oven",G13=""),"",SUMPRODUCT((Menu!$C$2:$C$41="Oven")*(Menu!$E$2:$E$41<>"")*(Menu!$A$2:$A$41<>"")*(Menu!$D$2:$D$41<>D13)*(Menu!$G$2:$G$41<H13)*(Menu!$H$2:$H$41>G13)))
G14: =IF(OR(A14="",E14=""),"",Summary!$B$2-(E14+F14)/1440) | H14: =IF(OR(A14="",E14=""),"",Summary!$B$2-F14/1440) | I14: =IF(OR(C14<>"Oven",G14=""),"",SUMPRODUCT((Menu!$C$2:$C$41="Oven")*(Menu!$E$2:$E$41<>"")*(Menu!$A$2:$A$41<>"")*(Menu!$D$2:$D$41<>D14)*(Menu!$G$2:$G$41<H14)*(Menu!$H$2:$H$41>G14)))
G15: =IF(OR(A15="",E15=""),"",Summary!$B$2-(E15+F15)/1440) | H15: =IF(OR(A15="",E15=""),"",Summary!$B$2-F15/1440) | I15: =IF(OR(C15<>"Oven",G15=""),"",SUMPRODUCT((Menu!$C$2:$C$41="Oven")*(Menu!$E$2:$E$41<>"")*(Menu!$A$2:$A$41<>"")*(Menu!$D$2:$D$41<>D15)*(Menu!$G$2:$G$41<H15)*(Menu!$H$2:$H$41>G15)))
G16: =IF(OR(A16="",E16=""),"",Summary!$B$2-(E16+F16)/1440) | H16: =IF(OR(A16="",E16=""),"",Summary!$B$2-F16/1440) | I16: =IF(OR(C16<>"Oven",G16=""),"",SUMPRODUCT((Menu!$C$2:$C$41="Oven")*(Menu!$E$2:$E$41<>"")*(Menu!$A$2:$A$41<>"")*(Menu!$D$2:$D$41<>D16)*(Menu!$G$2:$G$41<H16)*(Menu!$H$2:$H$41>G16)))
G17: =IF(OR(A17="",E17=""),"",Summary!$B$2-(E17+F17)/1440) | H17: =IF(OR(A17="",E17=""),"",Summary!$B$2-F17/1440) | I17: =IF(OR(C17<>"Oven",G17=""),"",SUMPRODUCT((Menu!$C$2:$C$41="Oven")*(Menu!$E$2:$E$41<>"")*(Menu!$A$2:$A$41<>"")*(Menu!$D$2:$D$41<>D17)*(Menu!$G$2:$G$41<H17)*(Menu!$H$2:$H$41>G17)))
G18: =IF(OR(A18="",E18=""),"",Summary!$B$2-(E18+F18)/1440) | H18: =IF(OR(A18="",E18=""),"",Summary!$B$2-F18/1440) | I18: =IF(OR(C18<>"Oven",G18=""),"",SUMPRODUCT((Menu!$C$2:$C$41="Oven")*(Menu!$E$2:$E$41<>"")*(Menu!$A$2:$A$41<>"")*(Menu!$D$2:$D$41<>D18)*(Menu!$G$2:$G$41<H18)*(Menu!$H$2:$H$41>G18)))
G19: =IF(OR(A19="",E19=""),"",Summary!$B$2-(E19+F19)/1440) | H19: =IF(OR(A19="",E19=""),"",Summary!$B$2-F19/1440) | I19: =IF(OR(C19<>"Oven",G19=""),"",SUMPRODUCT((Menu!$C$2:$C$41="Oven")*(Menu!$E$2:$E$41<>"")*(Menu!$A$2:$A$41<>"")*(Menu!$D$2:$D$41<>D19)*(Menu!$G$2:$G$41<H19)*(Menu!$H$2:$H$41>G19)))
G20: =IF(OR(A20="",E20=""),"",Summary!$B$2-(E20+F20)/1440) | H20: =IF(OR(A20="",E20=""),"",Summary!$B$2-F20/1440) | I20: =IF(OR(C20<>"Oven",G20=""),"",SUMPRODUCT((Menu!$C$2:$C$41="Oven")*(Menu!$E$2:$E$41<>"")*(Menu!$A$2:$A$41<>"")*(Menu!$D$2:$D$41<>D20)*(Menu!$G$2:$G$41<H20)*(Menu!$H$2:$H$41>G20)))
... G41: =IF(OR(A41="",E41=""),"",Summary!$B$2-(E41+F41)/1440) | H41: =IF(OR(A41="",E41=""),"",Summary!$B$2-F41/1440) | I41: =IF(OR(C41<>"Oven",G41=""),"",SUMPRODUCT((Menu!$C$2:$C$41="Oven")*(Menu!$E$2:$E$41<>"")*(Menu!$A$2:$A$41<>"")*(Menu!$D$2:$D$41<>D41)*(Menu!$G$2:$G$41<H41)*(Menu!$H$2:$H$41>G41)))

Sheet Shopping
A1: Item | B1: For dish | C1: Qty | D1: Unit | E1: Store | F1: Estimated cost | G1: Actual cost | H1: Bought? | I1: Notes | J1: Projected
A2: Example: Whole turkey | B2: Turkey | C2: 16 | D2: lb | E2: Grocery | F2: 30 | G2: 27.84 | H2: Yes | I2: Frozen: start thawing early | J2: =IF(G2<>"",G2,IF(F2<>"",F2,0))
A3: Example: Bread cubes | B3: Stuffing | C3: 2 | D3: bags | E3: Grocery | F3: 7 | H3: No | J3: =IF(G3<>"",G3,IF(F3<>"",F3,0))
A4: Example: Potatoes | B4: Mashed potatoes | C4: 5 | D4: lb | E4: Grocery | F4: 6 | G4: 5.49 | H4: Yes | J4: =IF(G4<>"",G4,IF(F4<>"",F4,0))
A5: Example: Butter | B5: Several | C5: 2 | D5: lb | E5: Grocery | F5: 10 | H5: No | J5: =IF(G5<>"",G5,IF(F5<>"",F5,0))
A6: Example: Cranberries | B6: Cranberry sauce | C6: 2 | D6: bags | E6: Grocery | F6: 6 | H6: No | J6: =IF(G6<>"",G6,IF(F6<>"",F6,0))
A7: Example: Dinner rolls | B7: Rolls | C7: 24 | D7: pcs | E7: Bakery | F7: 8 | H7: No | J7: =IF(G7<>"",G7,IF(F7<>"",F7,0))
J8: =IF(G8<>"",G8,IF(F8<>"",F8,0))
J9: =IF(G9<>"",G9,IF(F9<>"",F9,0))
J10: =IF(G10<>"",G10,IF(F10<>"",F10,0))
J11: =IF(G11<>"",G11,IF(F11<>"",F11,0))
J12: =IF(G12<>"",G12,IF(F12<>"",F12,0))
J13: =IF(G13<>"",G13,IF(F13<>"",F13,0))
J14: =IF(G14<>"",G14,IF(F14<>"",F14,0))
J15: =IF(G15<>"",G15,IF(F15<>"",F15,0))
J16: =IF(G16<>"",G16,IF(F16<>"",F16,0))
J17: =IF(G17<>"",G17,IF(F17<>"",F17,0))
J18: =IF(G18<>"",G18,IF(F18<>"",F18,0))
J19: =IF(G19<>"",G19,IF(F19<>"",F19,0))
... J151: =IF(G151<>"",G151,IF(F151<>"",F151,0))
