Workbook

Sheet Istruzioni
A1: Tracker bollette luce e gas + confronto offerte
A2: Lumen & Ledger — template gratuito, licenza CC BY 4.0. Nessuna macro, nessun collegamento esterno.
A4: COME SI USA
A5: 1. Foglio 'Bollette': una riga per bolletta. Compila solo le celle gialle (dati presenti in prima pagina e nel 'dettaglio costi').
A6: 2. Il foglio calcola da solo il costo medio reale per kWh / Smc (tutto incluso) e i giorni fatturati.
A7: 3. Foglio 'Riepilogo': totali per anno e per fornitura, consumo annuo e costo medio. Cambia l'anno nella cella B2.
A8: 4. Foglio 'Confronto offerte': inserisci le offerte che stai valutando (prezzo materia energia + quota fissa di commercializzazione).
A9: Il confronto usa il tuo consumo annuo reale preso dal Riepilogo.
A11: PERCHE' IL CONFRONTO GUARDA SOLO 'MATERIA ENERGIA' E 'COMMERCIALIZZAZIONE'
A12: Trasporto e gestione del contatore, oneri di sistema e imposte sono fissati da ARERA e dallo Stato e sono uguali per tutti i venditori.
A13: Quindi la differenza tra due offerte del mercato libero sta quasi tutta nel prezzo della materia (€/kWh o €/Smc) e nella quota fissa (€/mese).
A14: Attenzione: IVA e accise si applicano anche su queste voci, per cui il risparmio reale e' un po' piu' alto di quello mostrato (stima prudente).
... A24: • Questo foglio e' uno strumento di calcolo, non una consulenza. Verifica sempre condizioni contrattuali e scheda sintetica dell'offerta.

Sheet Bollette
A1: Fornitura | B1: Fornitore | C1: Inizio periodo | D1: Fine periodo | E1: Consumo (kWh luce / Smc gas) | F1: Totale bolletta € | G1: di cui materia energia € | H1: di cui quota fissa commerc. € | I1: Stimata o reale? | J1: Giorni | K1: € / giorno | L1: Costo medio tutto incluso (€/unita') | M1: Note
A2: Luce | B2: Esempio Srl | C2: 46204 | D2: 46265 | E2: 410 | F2: 118.4 | G2: 52.3 | H2: 24 | I2: Reale | J2: =IF(AND(C2<>"",D2<>""),D2-C2+1,"") | K2: =IF(AND(J2<>"",F2<>""),F2/J2,"") | L2: =IF(AND(E2>0,F2<>""),F2/E2,"")
A3: Gas | B3: Esempio Srl | C3: 46204 | D3: 46265 | E3: 38 | F3: 61.2 | G3: 19.8 | H3: 20 | I3: Stimata | J3: =IF(AND(C3<>"",D3<>""),D3-C3+1,"") | K3: =IF(AND(J3<>"",F3<>""),F3/J3,"") | L3: =IF(AND(E3>0,F3<>""),F3/E3,"")
A4: Luce | B4: Esempio Srl | C4: 46266 | D4: 46326 | E4: 380 | F4: 112.1 | G4: 48.5 | H4: 24 | I4: Reale | J4: =IF(AND(C4<>"",D4<>""),D4-C4+1,"") | K4: =IF(AND(J4<>"",F4<>""),F4/J4,"") | L4: =IF(AND(E4>0,F4<>""),F4/E4,"")
J5: =IF(AND(C5<>"",D5<>""),D5-C5+1,"") | K5: =IF(AND(J5<>"",F5<>""),F5/J5,"") | L5: =IF(AND(E5>0,F5<>""),F5/E5,"")
J6: =IF(AND(C6<>"",D6<>""),D6-C6+1,"") | K6: =IF(AND(J6<>"",F6<>""),F6/J6,"") | L6: =IF(AND(E6>0,F6<>""),F6/E6,"")
J7: =IF(AND(C7<>"",D7<>""),D7-C7+1,"") | K7: =IF(AND(J7<>"",F7<>""),F7/J7,"") | L7: =IF(AND(E7>0,F7<>""),F7/E7,"")
J8: =IF(AND(C8<>"",D8<>""),D8-C8+1,"") | K8: =IF(AND(J8<>"",F8<>""),F8/J8,"") | L8: =IF(AND(E8>0,F8<>""),F8/E8,"")
J9: =IF(AND(C9<>"",D9<>""),D9-C9+1,"") | K9: =IF(AND(J9<>"",F9<>""),F9/J9,"") | L9: =IF(AND(E9>0,F9<>""),F9/E9,"")
J10: =IF(AND(C10<>"",D10<>""),D10-C10+1,"") | K10: =IF(AND(J10<>"",F10<>""),F10/J10,"") | L10: =IF(AND(E10>0,F10<>""),F10/E10,"")
J11: =IF(AND(C11<>"",D11<>""),D11-C11+1,"") | K11: =IF(AND(J11<>"",F11<>""),F11/J11,"") | L11: =IF(AND(E11>0,F11<>""),F11/E11,"")
J12: =IF(AND(C12<>"",D12<>""),D12-C12+1,"") | K12: =IF(AND(J12<>"",F12<>""),F12/J12,"") | L12: =IF(AND(E12>0,F12<>""),F12/E12,"")
J13: =IF(AND(C13<>"",D13<>""),D13-C13+1,"") | K13: =IF(AND(J13<>"",F13<>""),F13/J13,"") | L13: =IF(AND(E13>0,F13<>""),F13/E13,"")
J14: =IF(AND(C14<>"",D14<>""),D14-C14+1,"") | K14: =IF(AND(J14<>"",F14<>""),F14/J14,"") | L14: =IF(AND(E14>0,F14<>""),F14/E14,"")
J15: =IF(AND(C15<>"",D15<>""),D15-C15+1,"") | K15: =IF(AND(J15<>"",F15<>""),F15/J15,"") | L15: =IF(AND(E15>0,F15<>""),F15/E15,"")
J16: =IF(AND(C16<>"",D16<>""),D16-C16+1,"") | K16: =IF(AND(J16<>"",F16<>""),F16/J16,"") | L16: =IF(AND(E16>0,F16<>""),F16/E16,"")
... J201: =IF(AND(C201<>"",D201<>""),D201-C201+1,"") | K201: =IF(AND(J201<>"",F201<>""),F201/J201,"") | L201: =IF(AND(E201>0,F201<>""),F201/E201,"")

Sheet Riepilogo
A1: Riepilogo annuale
A2: Anno (data di fine periodo): | B2: 2026
A4: Voce | B4: Luce | C4: Gas
A5: Spesa totale € | B5: =SUMIFS(Bollette!$F$2:$F$201,Bollette!$A$2:$A$201,"Luce",Bollette!$D$2:$D$201,">="&DATE($B$2,1,1),Bollette!$D$2:$D$201,"<="&DATE($B$2,12,31)) | C5: =SUMIFS(Bollette!$F$2:$F$201,Bollette!$A$2:$A$201,"Gas",Bollette!$D$2:$D$201,">="&DATE($B$2,1,1),Bollette!$D$2:$D$201,"<="&DATE($B$2,12,31))
A6: Consumo (kWh / Smc) | B6: =SUMIFS(Bollette!$E$2:$E$201,Bollette!$A$2:$A$201,"Luce",Bollette!$D$2:$D$201,">="&DATE($B$2,1,1),Bollette!$D$2:$D$201,"<="&DATE($B$2,12,31)) | C6: =SUMIFS(Bollette!$E$2:$E$201,Bollette!$A$2:$A$201,"Gas",Bollette!$D$2:$D$201,">="&DATE($B$2,1,1),Bollette!$D$2:$D$201,"<="&DATE($B$2,12,31))
A7: di cui materia energia € | B7: =SUMIFS(Bollette!$G$2:$G$201,Bollette!$A$2:$A$201,"Luce",Bollette!$D$2:$D$201,">="&DATE($B$2,1,1),Bollette!$D$2:$D$201,"<="&DATE($B$2,12,31)) | C7: =SUMIFS(Bollette!$G$2:$G$201,Bollette!$A$2:$A$201,"Gas",Bollette!$D$2:$D$201,">="&DATE($B$2,1,1),Bollette!$D$2:$D$201,"<="&DATE($B$2,12,31))
A8: di cui quota fissa € | B8: =SUMIFS(Bollette!$H$2:$H$201,Bollette!$A$2:$A$201,"Luce",Bollette!$D$2:$D$201,">="&DATE($B$2,1,1),Bollette!$D$2:$D$201,"<="&DATE($B$2,12,31)) | C8: =SUMIFS(Bollette!$H$2:$H$201,Bollette!$A$2:$A$201,"Gas",Bollette!$D$2:$D$201,">="&DATE($B$2,1,1),Bollette!$D$2:$D$201,"<="&DATE($B$2,12,31))
A9: Giorni fatturati | B9: =SUMIFS(Bollette!$J$2:$J$201,Bollette!$A$2:$A$201,"Luce",Bollette!$D$2:$D$201,">="&DATE($B$2,1,1),Bollette!$D$2:$D$201,"<="&DATE($B$2,12,31)) | C9: =SUMIFS(Bollette!$J$2:$J$201,Bollette!$A$2:$A$201,"Gas",Bollette!$D$2:$D$201,">="&DATE($B$2,1,1),Bollette!$D$2:$D$201,"<="&DATE($B$2,12,31))
A10: Costo medio tutto incluso (€/unita') | B10: =IF(B6>0,B5/B6,"") | C10: =IF(C6>0,C5/C6,"")
A11: Consumo annuo stimato (scala a 365 gg) | B11: =IF(B9>0,B6*365/B9,"") | C11: =IF(C9>0,C6*365/C9,"")
A12: Spesa annua stimata € (scala a 365 gg) | B12: =IF(B9>0,B5*365/B9,"") | C12: =IF(C9>0,C5*365/C9,"")
A14: Le stime annue proiettano i giorni fatturati su 365: piu' bollette inserisci, piu' sono affidabili (attenzione alla stagionalita' del gas).

Sheet Confronto offerte
A1: Confronto offerte (materia energia + commercializzazione)
A2: Consumo annuo luce (kWh): | C2: =IF(ISNUMBER(Riepilogo!B11),ROUND(Riepilogo!B11,0),2700) | E2: Preso dal Riepilogo; se vuoto usa 2.700 kWh / 1.000 Smc. Puoi sovrascrivere.
A3: Consumo annuo gas (Smc): | C3: =IF(ISNUMBER(Riepilogo!C11),ROUND(Riepilogo!C11,0),1000)
A5: Offerta | B5: Fornitura | C5: Tipo (fisso / indicizzato) | D5: Prezzo materia (€/kWh o €/Smc) | E5: Quota fissa commerc. (€/mese) | F5: Costo annuo confrontabile € | G5: Differenza vs attuale €/anno | H5: Attuale? | I5: Note (durata prezzo, vincoli, bonus)
A6: Attuale (esempio) | B6: Luce | C6: Fisso | D6: 0.135 | E6: 12 | F6: =IF(AND(B6<>"",D6<>""),IF(B6="Luce",$C$2,$C$3)*D6+E6*12,"") | G6: =IF(F6="","",F6-SUMIFS($F$6:$F$35,$B$6:$B$35,B6,$H$6:$H$35,"Si")) | H6: Si
A7: Offerta A (esempio) | B7: Luce | C7: Indicizzato | D7: 0.118 | E7: 10 | F7: =IF(AND(B7<>"",D7<>""),IF(B7="Luce",$C$2,$C$3)*D7+E7*12,"") | G7: =IF(F7="","",F7-SUMIFS($F$6:$F$35,$B$6:$B$35,B7,$H$6:$H$35,"Si"))
A8: Offerta B (esempio) | B8: Luce | C8: Fisso | D8: 0.125 | E8: 6 | F8: =IF(AND(B8<>"",D8<>""),IF(B8="Luce",$C$2,$C$3)*D8+E8*12,"") | G8: =IF(F8="","",F8-SUMIFS($F$6:$F$35,$B$6:$B$35,B8,$H$6:$H$35,"Si"))
A9: Attuale gas (esempio) | B9: Gas | C9: Fisso | D9: 0.52 | E9: 10 | F9: =IF(AND(B9<>"",D9<>""),IF(B9="Luce",$C$2,$C$3)*D9+E9*12,"") | G9: =IF(F9="","",F9-SUMIFS($F$6:$F$35,$B$6:$B$35,B9,$H$6:$H$35,"Si")) | H9: Si
A10: Offerta C (esempio) | B10: Gas | C10: Indicizzato | D10: 0.46 | E10: 12 | F10: =IF(AND(B10<>"",D10<>""),IF(B10="Luce",$C$2,$C$3)*D10+E10*12,"") | G10: =IF(F10="","",F10-SUMIFS($F$6:$F$35,$B$6:$B$35,B10,$H$6:$H$35,"Si"))
F11: =IF(AND(B11<>"",D11<>""),IF(B11="Luce",$C$2,$C$3)*D11+E11*12,"") | G11: =IF(F11="","",F11-SUMIFS($F$6:$F$35,$B$6:$B$35,B11,$H$6:$H$35,"Si"))
F12: =IF(AND(B12<>"",D12<>""),IF(B12="Luce",$C$2,$C$3)*D12+E12*12,"") | G12: =IF(F12="","",F12-SUMIFS($F$6:$F$35,$B$6:$B$35,B12,$H$6:$H$35,"Si"))
F13: =IF(AND(B13<>"",D13<>""),IF(B13="Luce",$C$2,$C$3)*D13+E13*12,"") | G13: =IF(F13="","",F13-SUMIFS($F$6:$F$35,$B$6:$B$35,B13,$H$6:$H$35,"Si"))
F14: =IF(AND(B14<>"",D14<>""),IF(B14="Luce",$C$2,$C$3)*D14+E14*12,"") | G14: =IF(F14="","",F14-SUMIFS($F$6:$F$35,$B$6:$B$35,B14,$H$6:$H$35,"Si"))
F15: =IF(AND(B15<>"",D15<>""),IF(B15="Luce",$C$2,$C$3)*D15+E15*12,"") | G15: =IF(F15="","",F15-SUMIFS($F$6:$F$35,$B$6:$B$35,B15,$H$6:$H$35,"Si"))
F16: =IF(AND(B16<>"",D16<>""),IF(B16="Luce",$C$2,$C$3)*D16+E16*12,"") | G16: =IF(F16="","",F16-SUMIFS($F$6:$F$35,$B$6:$B$35,B16,$H$6:$H$35,"Si"))
F17: =IF(AND(B17<>"",D17<>""),IF(B17="Luce",$C$2,$C$3)*D17+E17*12,"") | G17: =IF(F17="","",F17-SUMIFS($F$6:$F$35,$B$6:$B$35,B17,$H$6:$H$35,"Si"))
F18: =IF(AND(B18<>"",D18<>""),IF(B18="Luce",$C$2,$C$3)*D18+E18*12,"") | G18: =IF(F18="","",F18-SUMIFS($F$6:$F$35,$B$6:$B$35,B18,$H$6:$H$35,"Si"))
F19: =IF(AND(B19<>"",D19<>""),IF(B19="Luce",$C$2,$C$3)*D19+E19*12,"") | G19: =IF(F19="","",F19-SUMIFS($F$6:$F$35,$B$6:$B$35,B19,$H$6:$H$35,"Si"))
F20: =IF(AND(B20<>"",D20<>""),IF(B20="Luce",$C$2,$C$3)*D20+E20*12,"") | G20: =IF(F20="","",F20-SUMIFS($F$6:$F$35,$B$6:$B$35,B20,$H$6:$H$35,"Si"))
F21: =IF(AND(B21<>"",D21<>""),IF(B21="Luce",$C$2,$C$3)*D21+E21*12,"") | G21: =IF(F21="","",F21-SUMIFS($F$6:$F$35,$B$6:$B$35,B21,$H$6:$H$35,"Si"))
F22: =IF(AND(B22<>"",D22<>""),IF(B22="Luce",$C$2,$C$3)*D22+E22*12,"") | G22: =IF(F22="","",F22-SUMIFS($F$6:$F$35,$B$6:$B$35,B22,$H$6:$H$35,"Si"))
... F35: =IF(AND(B35<>"",D35<>""),IF(B35="Luce",$C$2,$C$3)*D35+E35*12,"") | G35: =IF(F35="","",F35-SUMIFS($F$6:$F$35,$B$6:$B$35,B35,$H$6:$H$35,"Si"))
A37: Negativo (verde) = l'offerta costa meno dell'attuale. Segna con 'Si' in colonna H la tua offerta attuale, una per fornitura.
A38: IVA e accise non incluse nel confronto: il risparmio effettivo in bolletta e' leggermente superiore. Fonte offerte: ilportaleofferte.it (ARERA).
